[
  {
    "question": "Токсинемической инфекцией не является:",
    "options": [
      "возвратный",
      "тиф",
      "столбняк",
      "газовая"
    ],
    "answer": 0
  },
  {
    "question": "Токсинемической инфекцией является:",
    "options": [
      "ботулизм",
      "орнитоз",
      "сыпной",
      "тиф"
    ],
    "answer": 0
  },
  {
    "question": "Извитыми не являются бактерии рода:",
    "options": [
      "Streptococcus",
      "Treponema",
      "Borrelia",
      "Campylobacter"
    ],
    "answer": 0
  },
  {
    "question": "Бактериальной инфекцией является:",
    "options": [
      "коклюш",
      "бешенство",
      "ветряная",
      "оспа"
    ],
    "answer": 0
  },
  {
    "question": "Грамположительными палочками являются бактерии рода:",
    "options": [
      "Clostridium",
      "Esherichia",
      "Salmonella",
      "Shigella"
    ],
    "answer": 0
  },
  {
    "question": "Грамотрицательными кокками являются бактерии рода:",
    "options": [
      "Neisseria",
      "Treponema",
      "Salmonella",
      "Shigella"
    ],
    "answer": 0
  },
  {
    "question": "Возбудителем особо опасной инфекции является:",
    "options": [
      "Yersinia",
      "pestis",
      "Neisseria",
      "gonorrhoeae"
    ],
    "answer": 0
  },
  {
    "question": "Для выявления спор у бактерий пользуются методом окраски по:",
    "options": [
      "Ожешко",
      "Нейссеру",
      "Здродовскому",
      "Леффлеру"
    ],
    "answer": 0
  },
  {
    "question": "Укажите кислотоустойчивые бактерии:",
    "options": [
      "микобактерии",
      "микоплазмы",
      "стрептококки",
      "синегнойная"
    ],
    "answer": 0
  },
  {
    "question": "К диплококкам относятся:",
    "options": [
      "менингококки",
      "синегнойная",
      "палочка",
      "бациллы"
    ],
    "answer": 0
  }
]